GEO.id,GEO.id2
Id,Id2
0500000US01001,01001
0500000US01003,01003
0500000US01005,01005
0500000US01007,01007
0500000US01009,01009
0500000US01011,01011
0500000US01013,01013
0500000US01015,01015
0500000US01017,01017
0500000US01019,01019
0500000US01021,01021
0500000US01023,01023
0500000US01025,01025
0500000US01027,01027
0500000US01029,01029
0500000US01031,01031
0500000US01033,01033
0500000US01035,01035
0500000US01037,01037
0500000US01039,01039
0500000US01041,01041
0500000US01043,01043
0500000US01045,01045
0500000US01047,01047
0500000US01049,01049
0500000US01051,01051
0500000US01053,01053
0500000US01055,01055
0500000US01057,01057
0500000US01059,01059
0500000US01061,01061
0500000US01063,01063
0500000US01065,01065
0500000US01067,01067
0500000US01069,01069
0500000US01071,01071
0500000US01073,01073
0500000US01075,01075
0500000US01077,01077
0500000US01079,01079
0500000US01081,01081
0500000US01083,01083
0500000US01085,01085
0500000US01087,01087
0500000US01089,01089
0500000US01091,01091
0500000US01093,01093
0500000US01095,01095
0500000US01097,01097
0500000US01099,01099
0500000US01101,01101
0500000US01103,01103
0500000US01105,01105
0500000US01107,01107
0500000US01109,01109
0500000US01111,01111
0500000US01113,01113
0500000US01115,01115
0500000US01117,01117
0500000US01119,01119
0500000US01121,01121
0500000US01123,01123
0500000US01125,01125
0500000US01127,01127
0500000US01129,01129
0500000US01131,01131
0500000US01133,01133
0500000US02013,02013
0500000US02016,02016
0500000US02020,02020
0500000US02050,02050
0500000US02060,02060
0500000US02068,02068
0500000US02070,02070
0500000US02090,02090
0500000US02100,02100
0500000US02105,02105
0500000US02110,02110
0500000US02122,02122
0500000US02130,02130
0500000US02150,02150
0500000US02158,02158
0500000US02164,02164
0500000US02170,02170
0500000US02180,02180
0500000US02185,02185
0500000US02188,02188
0500000US02195,02195
0500000US02198,02198
0500000US02220,02220
0500000US02230,02230
0500000US02240,02240
0500000US02261,02261
0500000US02275,02275
0500000US02282,02282
0500000US02290,02290
0500000US04001,04001
0500000US04003,04003
0500000US04005,04005
0500000US04007,04007
0500000US04009,04009
0500000US04011,04011
0500000US04012,04012
0500000US04013,04013
0500000US04015,04015
0500000US04017,04017
0500000US04019,04019
0500000US04021,04021
0500000US04023,04023
0500000US04025,04025
0500000US04027,04027
0500000US05001,05001
0500000US05003,05003
0500000US05005,05005
0500000US05007,05007
0500000US05009,05009
0500000US05011,05011
0500000US05013,05013
0500000US05015,05015
0500000US05017,05017
0500000US05019,05019
0500000US05021,05021
0500000US05023,05023
0500000US05025,05025
0500000US05027,05027
0500000US05029,05029
0500000US05031,05031
0500000US05033,05033
0500000US05035,05035
0500000US05037,05037
0500000US05039,05039
0500000US05041,05041
0500000US05043,05043
0500000US05045,05045
0500000US05047,05047
0500000US05049,05049
0500000US05051,05051
0500000US05053,05053
0500000US05055,05055
0500000US05057,05057
0500000US05059,05059
0500000US05061,05061
0500000US05063,05063
0500000US05065,05065
0500000US05067,05067
0500000US05069,05069
0500000US05071,05071
0500000US05073,05073
0500000US05075,05075
0500000US05077,05077
0500000US05079,05079
0500000US05081,05081
0500000US05083,05083
0500000US05085,05085
0500000US05087,05087
0500000US05089,05089
0500000US05091,05091
0500000US05093,05093
0500000US05095,05095
0500000US05097,05097
0500000US05099,05099
0500000US05101,05101
0500000US05103,05103
0500000US05105,05105
0500000US05107,05107
0500000US05109,05109
0500000US05111,05111
0500000US05113,05113
0500000US05115,05115
0500000US05117,05117
0500000US05119,05119
0500000US05121,05121
0500000US05123,05123
0500000US05125,05125
0500000US05127,05127
0500000US05129,05129
0500000US05131,05131
0500000US05133,05133
0500000US05135,05135
0500000US05137,05137
0500000US05139,05139
0500000US05141,05141
0500000US05143,05143
0500000US05145,05145
0500000US05147,05147
0500000US05149,05149
0500000US06001,06001
0500000US06003,06003
0500000US06005,06005
0500000US06007,06007
0500000US06009,06009
0500000US06011,06011
0500000US06013,06013
0500000US06015,06015
0500000US06017,06017
0500000US06019,06019
0500000US06021,06021
0500000US06023,06023
0500000US06025,06025
0500000US06027,06027
0500000US06029,06029
0500000US06031,06031
0500000US06033,06033
0500000US06035,06035
0500000US06037,06037
0500000US06039,06039
0500000US06041,06041
0500000US06043,06043
0500000US06045,06045
0500000US06047,06047
0500000US06049,06049
0500000US06051,06051
0500000US06053,06053
0500000US06055,06055
0500000US06057,06057
0500000US06059,06059
0500000US06061,06061
0500000US06063,06063
0500000US06065,06065
0500000US06067,06067
0500000US06069,06069
0500000US06071,06071
0500000US06073,06073
0500000US06075,06075
0500000US06077,06077
0500000US06079,06079
0500000US06081,06081
0500000US06083,06083
0500000US06085,06085
0500000US06087,06087
0500000US06089,06089
0500000US06091,06091
0500000US06093,06093
0500000US06095,06095
0500000US06097,06097
0500000US06099,06099
0500000US06101,06101
0500000US06103,06103
0500000US06105,06105
0500000US06107,06107
0500000US06109,06109
0500000US06111,06111
0500000US06113,06113
0500000US06115,06115
0500000US08001,08001
0500000US08003,08003
0500000US08005,08005
0500000US08007,08007
0500000US08009,08009
0500000US08011,08011
0500000US08013,08013
0500000US08014,08014
0500000US08015,08015
0500000US08017,08017
0500000US08019,08019
0500000US08021,08021
0500000US08023,08023
0500000US08025,08025
0500000US08027,08027
0500000US08029,08029
0500000US08031,08031
0500000US08033,08033
0500000US08035,08035
0500000US08037,08037
0500000US08039,08039
0500000US08041,08041
0500000US08043,08043
0500000US08045,08045
0500000US08047,08047
0500000US08049,08049
0500000US08051,08051
0500000US08053,08053
0500000US08055,08055
0500000US08057,08057
0500000US08059,08059
0500000US08061,08061
0500000US08063,08063
0500000US08065,08065
0500000US08067,08067
0500000US08069,08069
0500000US08071,08071
0500000US08073,08073
0500000US08075,08075
0500000US08077,08077
0500000US08079,08079
0500000US08081,08081
0500000US08083,08083
0500000US08085,08085
0500000US08087,08087
0500000US08089,08089
0500000US08091,08091
0500000US08093,08093
0500000US08095,08095
0500000US08097,08097
0500000US08099,08099
0500000US08101,08101
0500000US08103,08103
0500000US08105,08105
0500000US08107,08107
0500000US08109,08109
0500000US08111,08111
0500000US08113,08113
0500000US08115,08115
0500000US08117,08117
0500000US08119,08119
0500000US08121,08121
0500000US08123,08123
0500000US08125,08125
0500000US09001,09001
0500000US09003,09003
0500000US09005,09005
0500000US09007,09007
0500000US09009,09009
0500000US09011,09011
0500000US09013,09013
0500000US09015,09015
0500000US10001,10001
0500000US10003,10003
0500000US10005,10005
0500000US11001,11001
0500000US12001,12001
0500000US12003,12003
0500000US12005,12005
0500000US12007,12007
0500000US12009,12009
0500000US12011,12011
0500000US12013,12013
0500000US12015,12015
0500000US12017,12017
0500000US12019,12019
0500000US12021,12021
0500000US12023,12023
0500000US12027,12027
0500000US12029,12029
0500000US12031,12031
0500000US12033,12033
0500000US12035,12035
0500000US12037,12037
0500000US12039,12039
0500000US12041,12041
0500000US12043,12043
0500000US12045,12045
0500000US12047,12047
0500000US12049,12049
0500000US12051,12051
0500000US12053,12053
0500000US12055,12055
0500000US12057,12057
0500000US12059,12059
0500000US12061,12061
0500000US12063,12063
0500000US12065,12065
0500000US12067,12067
0500000US12069,12069
0500000US12071,12071
0500000US12073,12073
0500000US12075,12075
0500000US12077,12077
0500000US12079,12079
0500000US12081,12081
0500000US12083,12083
0500000US12085,12085
0500000US12086,12086
0500000US12087,12087
0500000US12089,12089
0500000US12091,12091
0500000US12093,12093
0500000US12095,12095
0500000US12097,12097
0500000US12099,12099
0500000US12101,12101
0500000US12103,12103
0500000US12105,12105
0500000US12107,12107
0500000US12109,12109
0500000US12111,12111
0500000US12113,12113
0500000US12115,12115
0500000US12117,12117
0500000US12119,12119
0500000US12121,12121
0500000US12123,12123
0500000US12125,12125
0500000US12127,12127
0500000US12129,12129
0500000US12131,12131
0500000US12133,12133
0500000US13001,13001
0500000US13003,13003
0500000US13005,13005
0500000US13007,13007
0500000US13009,13009
0500000US13011,13011
0500000US13013,13013
0500000US13015,13015
0500000US13017,13017
0500000US13019,13019
0500000US13021,13021
0500000US13023,13023
0500000US13025,13025
0500000US13027,13027
0500000US13029,13029
0500000US13031,13031
0500000US13033,13033
0500000US13035,13035
0500000US13037,13037
0500000US13039,13039
0500000US13043,13043
0500000US13045,13045
0500000US13047,13047
0500000US13049,13049
0500000US13051,13051
0500000US13053,13053
0500000US13055,13055
0500000US13057,13057
0500000US13059,13059
0500000US13061,13061
0500000US13063,13063
0500000US13065,13065
0500000US13067,13067
0500000US13069,13069
0500000US13071,13071
0500000US13073,13073
0500000US13075,13075
0500000US13077,13077
0500000US13079,13079
0500000US13081,13081
0500000US13083,13083
0500000US13085,13085
0500000US13087,13087
0500000US13089,13089
0500000US13091,13091
0500000US13093,13093
0500000US13095,13095
0500000US13097,13097
0500000US13099,13099
0500000US13101,13101
0500000US13103,13103
0500000US13105,13105
0500000US13107,13107
0500000US13109,13109
0500000US13111,13111
0500000US13113,13113
0500000US13115,13115
0500000US13117,13117
0500000US13119,13119
0500000US13121,13121
0500000US13123,13123
0500000US13125,13125
0500000US13127,13127
0500000US13129,13129
0500000US13131,13131
0500000US13133,13133
0500000US13135,13135
0500000US13137,13137
0500000US13139,13139
0500000US13141,13141
0500000US13143,13143
0500000US13145,13145
0500000US13147,13147
0500000US13149,13149
0500000US13151,13151
0500000US13153,13153
0500000US13155,13155
0500000US13157,13157
0500000US13159,13159
0500000US13161,13161
0500000US13163,13163
0500000US13165,13165
0500000US13167,13167
0500000US13169,13169
0500000US13171,13171
0500000US13173,13173
0500000US13175,13175
0500000US13177,13177
0500000US13179,13179
0500000US13181,13181
0500000US13183,13183
0500000US13185,13185
0500000US13187,13187
0500000US13189,13189
0500000US13191,13191
0500000US13193,13193
0500000US13195,13195
0500000US13197,13197
0500000US13199,13199
0500000US13201,13201
0500000US13205,13205
0500000US13207,13207
0500000US13209,13209
0500000US13211,13211
0500000US13213,13213
0500000US13215,13215
0500000US13217,13217
0500000US13219,13219
0500000US13221,13221
0500000US13223,13223
0500000US13225,13225
0500000US13227,13227
0500000US13229,13229
0500000US13231,13231
0500000US13233,13233
0500000US13235,13235
0500000US13237,13237
0500000US13239,13239
0500000US13241,13241
0500000US13243,13243
0500000US13245,13245
0500000US13247,13247
0500000US13249,13249
0500000US13251,13251
0500000US13253,13253
0500000US13255,13255
0500000US13257,13257
0500000US13259,13259
0500000US13261,13261
0500000US13263,13263
0500000US13265,13265
0500000US13267,13267
0500000US13269,13269
0500000US13271,13271
0500000US13273,13273
0500000US13275,13275
0500000US13277,13277
0500000US13279,13279
0500000US13281,13281
0500000US13283,13283
0500000US13285,13285
0500000US13287,13287
0500000US13289,13289
0500000US13291,13291
0500000US13293,13293
0500000US13295,13295
0500000US13297,13297
0500000US13299,13299
0500000US13301,13301
0500000US13303,13303
0500000US13305,13305
0500000US13307,13307
0500000US13309,13309
0500000US13311,13311
0500000US13313,13313
0500000US13315,13315
0500000US13317,13317
0500000US13319,13319
0500000US13321,13321
0500000US15001,15001
0500000US15003,15003
0500000US15005,15005
0500000US15007,15007
0500000US15009,15009
0500000US16001,16001
0500000US16003,16003
0500000US16005,16005
0500000US16007,16007
0500000US16009,16009
0500000US16011,16011
0500000US16013,16013
0500000US16015,16015
0500000US16017,16017
0500000US16019,16019
0500000US16021,16021
0500000US16023,16023
0500000US16025,16025
0500000US16027,16027
0500000US16029,16029
0500000US16031,16031
0500000US16033,16033
0500000US16035,16035
0500000US16037,16037
0500000US16039,16039
0500000US16041,16041
0500000US16043,16043
0500000US16045,16045
0500000US16047,16047
0500000US16049,16049
0500000US16051,16051
0500000US16053,16053
0500000US16055,16055
0500000US16057,16057
0500000US16059,16059
0500000US16061,16061
0500000US16063,16063
0500000US16065,16065
0500000US16067,16067
0500000US16069,16069
0500000US16071,16071
0500000US16073,16073
0500000US16075,16075
0500000US16077,16077
0500000US16079,16079
0500000US16081,16081
0500000US16083,16083
0500000US16085,16085
0500000US16087,16087
0500000US17001,17001
0500000US17003,17003
0500000US17005,17005
0500000US17007,17007
0500000US17009,17009
0500000US17011,17011
0500000US17013,17013
0500000US17015,17015
0500000US17017,17017
0500000US17019,17019
0500000US17021,17021
0500000US17023,17023
0500000US17025,17025
0500000US17027,17027
0500000US17029,17029
0500000US17031,17031
0500000US17033,17033
0500000US17035,17035
0500000US17037,17037
0500000US17039,17039
0500000US17041,17041
0500000US17043,17043
0500000US17045,17045
0500000US17047,17047
0500000US17049,17049
0500000US17051,17051
0500000US17053,17053
0500000US17055,17055
0500000US17057,17057
0500000US17059,17059
0500000US17061,17061
0500000US17063,17063
0500000US17065,17065
0500000US17067,17067
0500000US17069,17069
0500000US17071,17071
0500000US17073,17073
0500000US17075,17075
0500000US17077,17077
0500000US17079,17079
0500000US17081,17081
0500000US17083,17083
0500000US17085,17085
0500000US17087,17087
0500000US17089,17089
0500000US17091,17091
0500000US17093,17093
0500000US17095,17095
0500000US17097,17097
0500000US17099,17099
0500000US17101,17101
0500000US17103,17103
0500000US17105,17105
0500000US17107,17107
0500000US17109,17109
0500000US17111,17111
0500000US17113,17113
0500000US17115,17115
0500000US17117,17117
0500000US17119,17119
0500000US17121,17121
0500000US17123,17123
0500000US17125,17125
0500000US17127,17127
0500000US17129,17129
0500000US17131,17131
0500000US17133,17133
0500000US17135,17135
0500000US17137,17137
0500000US17139,17139
0500000US17141,17141
0500000US17143,17143
0500000US17145,17145
0500000US17147,17147
0500000US17149,17149
0500000US17151,17151
0500000US17153,17153
0500000US17155,17155
0500000US17157,17157
0500000US17159,17159
0500000US17161,17161
0500000US17163,17163
0500000US17165,17165
0500000US17167,17167
0500000US17169,17169
0500000US17171,17171
0500000US17173,17173
0500000US17175,17175
0500000US17177,17177
0500000US17179,17179
0500000US17181,17181
0500000US17183,17183
0500000US17185,17185
0500000US17187,17187
0500000US17189,17189
0500000US17191,17191
0500000US17193,17193
0500000US17195,17195
0500000US17197,17197
0500000US17199,17199
0500000US17201,17201
0500000US17203,17203
0500000US18001,18001
0500000US18003,18003
0500000US18005,18005
0500000US18007,18007
0500000US18009,18009
0500000US18011,18011
0500000US18013,18013
0500000US18015,18015
0500000US18017,18017
0500000US18019,18019
0500000US18021,18021
0500000US18023,18023
0500000US18025,18025
0500000US18027,18027
0500000US18029,18029
0500000US18031,18031
0500000US18033,18033
0500000US18035,18035
0500000US18037,18037
0500000US18039,18039
0500000US18041,18041
0500000US18043,18043
0500000US18045,18045
0500000US18047,18047
0500000US18049,18049
0500000US18051,18051
0500000US18053,18053
0500000US18055,18055
0500000US18057,18057
0500000US18059,18059
0500000US18061,18061
0500000US18063,18063
0500000US18065,18065
0500000US18067,18067
0500000US18069,18069
0500000US18071,18071
0500000US18073,18073
0500000US18075,18075
0500000US18077,18077
0500000US18079,18079
0500000US18081,18081
0500000US18083,18083
0500000US18085,18085
0500000US18087,18087
0500000US18089,18089
0500000US18091,18091
0500000US18093,18093
0500000US18095,18095
0500000US18097,18097
0500000US18099,18099
0500000US18101,18101
0500000US18103,18103
0500000US18105,18105
0500000US18107,18107
0500000US18109,18109
0500000US18111,18111
0500000US18113,18113
0500000US18115,18115
0500000US18117,18117
0500000US18119,18119
0500000US18121,18121
0500000US18123,18123
0500000US18125,18125
0500000US18127,18127
0500000US18129,18129
0500000US18131,18131
0500000US18133,18133
0500000US18135,18135
0500000US18137,18137
0500000US18139,18139
0500000US18141,18141
0500000US18143,18143
0500000US18145,18145
0500000US18147,18147
0500000US18149,18149
0500000US18151,18151
0500000US18153,18153
0500000US18155,18155
0500000US18157,18157
0500000US18159,18159
0500000US18161,18161
0500000US18163,18163
0500000US18165,18165
0500000US18167,18167
0500000US18169,18169
0500000US18171,18171
0500000US18173,18173
0500000US18175,18175
0500000US18177,18177
0500000US18179,18179
0500000US18181,18181
0500000US18183,18183
0500000US19001,19001
0500000US19003,19003
0500000US19005,19005
0500000US19007,19007
0500000US19009,19009
0500000US19011,19011
0500000US19013,19013
0500000US19015,19015
0500000US19017,19017
0500000US19019,19019
0500000US19021,19021
0500000US19023,19023
0500000US19025,19025
0500000US19027,19027
0500000US19029,19029
0500000US19031,19031
0500000US19033,19033
0500000US19035,19035
0500000US19037,19037
0500000US19039,19039
0500000US19041,19041
0500000US19043,19043
0500000US19045,19045
0500000US19047,19047
0500000US19049,19049
0500000US19051,19051
0500000US19053,19053
0500000US19055,19055
0500000US19057,19057
0500000US19059,19059
0500000US19061,19061
0500000US19063,19063
0500000US19065,19065
0500000US19067,19067
0500000US19069,19069
0500000US19071,19071
0500000US19073,19073
0500000US19075,19075
0500000US19077,19077
0500000US19079,19079
0500000US19081,19081
0500000US19083,19083
0500000US19085,19085
0500000US19087,19087
0500000US19089,19089
0500000US19091,19091
0500000US19093,19093
0500000US19095,19095
0500000US19097,19097
0500000US19099,19099
0500000US19101,19101
0500000US19103,19103
0500000US19105,19105
0500000US19107,19107
0500000US19109,19109
0500000US19111,19111
0500000US19113,19113
0500000US19115,19115
0500000US19117,19117
0500000US19119,19119
0500000US19121,19121
0500000US19123,19123
0500000US19125,19125
0500000US19127,19127
0500000US19129,19129
0500000US19131,19131
0500000US19133,19133
0500000US19135,19135
0500000US19137,19137
0500000US19139,19139
0500000US19141,19141
0500000US19143,19143
0500000US19145,19145
0500000US19147,19147
0500000US19149,19149
0500000US19151,19151
0500000US19153,19153
0500000US19155,19155
0500000US19157,19157
0500000US19159,19159
0500000US19161,19161
0500000US19163,19163
0500000US19165,19165
0500000US19167,19167
0500000US19169,19169
0500000US19171,19171
0500000US19173,19173
0500000US19175,19175
0500000US19177,19177
0500000US19179,19179
0500000US19181,19181
0500000US19183,19183
0500000US19185,19185
0500000US19187,19187
0500000US19189,19189
0500000US19191,19191
0500000US19193,19193
0500000US19195,19195
0500000US19197,19197
0500000US20001,20001
0500000US20003,20003
0500000US20005,20005
0500000US20007,20007
0500000US20009,20009
0500000US20011,20011
0500000US20013,20013
0500000US20015,20015
0500000US20017,20017
0500000US20019,20019
0500000US20021,20021
0500000US20023,20023
0500000US20025,20025
0500000US20027,20027
0500000US20029,20029
0500000US20031,20031
0500000US20033,20033
0500000US20035,20035
0500000US20037,20037
0500000US20039,20039
0500000US20041,20041
0500000US20043,20043
0500000US20045,20045
0500000US20047,20047
0500000US20049,20049
0500000US20051,20051
0500000US20053,20053
0500000US20055,20055
0500000US20057,20057
0500000US20059,20059
0500000US20061,20061
0500000US20063,20063
0500000US20065,20065
0500000US20067,20067
0500000US20069,20069
0500000US20071,20071
0500000US20073,20073
0500000US20075,20075
0500000US20077,20077
0500000US20079,20079
0500000US20081,20081
0500000US20083,20083
0500000US20085,20085
0500000US20087,20087
0500000US20089,20089
0500000US20091,20091
0500000US20093,20093
0500000US20095,20095
0500000US20097,20097
0500000US20099,20099
0500000US20101,20101
0500000US20103,20103
0500000US20105,20105
0500000US20107,20107
0500000US20109,20109
0500000US20111,20111
0500000US20113,20113
0500000US20115,20115
0500000US20117,20117
0500000US20119,20119
0500000US20121,20121
0500000US20123,20123
0500000US20125,20125
0500000US20127,20127
0500000US20129,20129
0500000US20131,20131
0500000US20133,20133
0500000US20135,20135
0500000US20137,20137
0500000US20139,20139
0500000US20141,20141
0500000US20143,20143
0500000US20145,20145
0500000US20147,20147
0500000US20149,20149
0500000US20151,20151
0500000US20153,20153
0500000US20155,20155
0500000US20157,20157
0500000US20159,20159
0500000US20161,20161
0500000US20163,20163
0500000US20165,20165
0500000US20167,20167
0500000US20169,20169
0500000US20171,20171
0500000US20173,20173
0500000US20175,20175
0500000US20177,20177
0500000US20179,20179
0500000US20181,20181
0500000US20183,20183
0500000US20185,20185
0500000US20187,20187
0500000US20189,20189
0500000US20191,20191
0500000US20193,20193
0500000US20195,20195
0500000US20197,20197
0500000US20199,20199
0500000US20201,20201
0500000US20203,20203
0500000US20205,20205
0500000US20207,20207
0500000US20209,20209
0500000US21001,21001
0500000US21003,21003
0500000US21005,21005
0500000US21007,21007
0500000US21009,21009
0500000US21011,21011
0500000US21013,21013
0500000US21015,21015
0500000US21017,21017
0500000US21019,21019
0500000US21021,21021
0500000US21023,21023
0500000US21025,21025
0500000US21027,21027
0500000US21029,21029
0500000US21031,21031
0500000US21033,21033
0500000US21035,21035
0500000US21037,21037
0500000US21039,21039
0500000US21041,21041
0500000US21043,21043
0500000US21045,21045
0500000US21047,21047
0500000US21049,21049
0500000US21051,21051
0500000US21053,21053
0500000US21055,21055
0500000US21057,21057
0500000US21059,21059
0500000US21061,21061
0500000US21063,21063
0500000US21065,21065
0500000US21067,21067
0500000US21069,21069
0500000US21071,21071
0500000US21073,21073
0500000US21075,21075
0500000US21077,21077
0500000US21079,21079
0500000US21081,21081
0500000US21083,21083
0500000US21085,21085
0500000US21087,21087
0500000US21089,21089
0500000US21091,21091
0500000US21093,21093
0500000US21095,21095
0500000US21097,21097
0500000US21099,21099
0500000US21101,21101
0500000US21103,21103
0500000US21105,21105
0500000US21107,21107
0500000US21109,21109
0500000US21111,21111
0500000US21113,21113
0500000US21115,21115
0500000US21117,21117
0500000US21119,21119
0500000US21121,21121
0500000US21123,21123
0500000US21125,21125
0500000US21127,21127
0500000US21129,21129
0500000US21131,21131
0500000US21133,21133
0500000US21135,21135
0500000US21137,21137
0500000US21139,21139
0500000US21141,21141
0500000US21143,21143
0500000US21145,21145
0500000US21147,21147
0500000US21149,21149
0500000US21151,21151
0500000US21153,21153
0500000US21155,21155
0500000US21157,21157
0500000US21159,21159
0500000US21161,21161
0500000US21163,21163
0500000US21165,21165
0500000US21167,21167
0500000US21169,21169
0500000US21171,21171
0500000US21173,21173
0500000US21175,21175
0500000US21177,21177
0500000US21179,21179
0500000US21181,21181
0500000US21183,21183
0500000US21185,21185
0500000US21187,21187
0500000US21189,21189
0500000US21191,21191
0500000US21193,21193
0500000US21195,21195
0500000US21197,21197
0500000US21199,21199
0500000US21201,21201
0500000US21203,21203
0500000US21205,21205
0500000US21207,21207
0500000US21209,21209
0500000US21211,21211
0500000US21213,21213
0500000US21215,21215
0500000US21217,21217
0500000US21219,21219
0500000US21221,21221
0500000US21223,21223
0500000US21225,21225
0500000US21227,21227
0500000US21229,21229
0500000US21231,21231
0500000US21233,21233
0500000US21235,21235
0500000US21237,21237
0500000US21239,21239
0500000US22001,22001
0500000US22003,22003
0500000US22005,22005
0500000US22007,22007
0500000US22009,22009
0500000US22011,22011
0500000US22013,22013
0500000US22015,22015
0500000US22017,22017
0500000US22019,22019
0500000US22021,22021
0500000US22023,22023
0500000US22025,22025
0500000US22027,22027
0500000US22029,22029
0500000US22031,22031
0500000US22033,22033
0500000US22035,22035
0500000US22037,22037
0500000US22039,22039
0500000US22041,22041
0500000US22043,22043
0500000US22045,22045
0500000US22047,22047
0500000US22049,22049
0500000US22051,22051
0500000US22053,22053
0500000US22055,22055
0500000US22057,22057
0500000US22059,22059
0500000US22061,22061
0500000US22063,22063
0500000US22065,22065
0500000US22067,22067
0500000US22069,22069
0500000US22071,22071
0500000US22073,22073
0500000US22075,22075
0500000US22077,22077
0500000US22079,22079
0500000US22081,22081
0500000US22083,22083
0500000US22085,22085
0500000US22087,22087
0500000US22089,22089
0500000US22091,22091
0500000US22093,22093
0500000US22095,22095
0500000US22097,22097
0500000US22099,22099
0500000US22101,22101
0500000US22103,22103
0500000US22105,22105
0500000US22107,22107
0500000US22109,22109
0500000US22111,22111
0500000US22113,22113
0500000US22115,22115
0500000US22117,22117
0500000US22119,22119
0500000US22121,22121
0500000US22123,22123
0500000US22125,22125
0500000US22127,22127
0500000US23001,23001
0500000US23003,23003
0500000US23005,23005
0500000US23007,23007
0500000US23009,23009
0500000US23011,23011
0500000US23013,23013
0500000US23015,23015
0500000US23017,23017
0500000US23019,23019
0500000US23021,23021
0500000US23023,23023
0500000US23025,23025
0500000US23027,23027
0500000US23029,23029
0500000US23031,23031
0500000US24001,24001
0500000US24003,24003
0500000US24005,24005
0500000US24009,24009
0500000US24011,24011
0500000US24013,24013
0500000US24015,24015
0500000US24017,24017
0500000US24019,24019
0500000US24021,24021
0500000US24023,24023
0500000US24025,24025
0500000US24027,24027
0500000US24029,24029
0500000US24031,24031
0500000US24033,24033
0500000US24035,24035
0500000US24037,24037
0500000US24039,24039
0500000US24041,24041
0500000US24043,24043
0500000US24045,24045
0500000US24047,24047
0500000US24510,24510
0500000US25001,25001
0500000US25003,25003
0500000US25005,25005
0500000US25007,25007
0500000US25009,25009
0500000US25011,25011
0500000US25013,25013
0500000US25015,25015
0500000US25017,25017
0500000US25019,25019
0500000US25021,25021
0500000US25023,25023
0500000US25025,25025
0500000US25027,25027
0500000US26001,26001
0500000US26003,26003
0500000US26005,26005
0500000US26007,26007
0500000US26009,26009
0500000US26011,26011
0500000US26013,26013
0500000US26015,26015
0500000US26017,26017
0500000US26019,26019
0500000US26021,26021
0500000US26023,26023
0500000US26025,26025
0500000US26027,26027
0500000US26029,26029
0500000US26031,26031
0500000US26033,26033
0500000US26035,26035
0500000US26037,26037
0500000US26039,26039
0500000US26041,26041
0500000US26043,26043
0500000US26045,26045
0500000US26047,26047
0500000US26049,26049
0500000US26051,26051
0500000US26053,26053
0500000US26055,26055
0500000US26057,26057
0500000US26059,26059
0500000US26061,26061
0500000US26063,26063
0500000US26065,26065
0500000US26067,26067
0500000US26069,26069
0500000US26071,26071
0500000US26073,26073
0500000US26075,26075
0500000US26077,26077
0500000US26079,26079
0500000US26081,26081
0500000US26083,26083
0500000US26085,26085
0500000US26087,26087
0500000US26089,26089
0500000US26091,26091
0500000US26093,26093
0500000US26095,26095
0500000US26097,26097
0500000US26099,26099
0500000US26101,26101
0500000US26103,26103
0500000US26105,26105
0500000US26107,26107
0500000US26109,26109
0500000US26111,26111
0500000US26113,26113
0500000US26115,26115
0500000US26117,26117
0500000US26119,26119
0500000US26121,26121
0500000US26123,26123
0500000US26125,26125
0500000US26127,26127
0500000US26129,26129
0500000US26131,26131
0500000US26133,26133
0500000US26135,26135
0500000US26137,26137
0500000US26139,26139
0500000US26141,26141
0500000US26143,26143
0500000US26145,26145
0500000US26147,26147
0500000US26149,26149
0500000US26151,26151
0500000US26153,26153
0500000US26155,26155
0500000US26157,26157
0500000US26159,26159
0500000US26161,26161
0500000US26163,26163
0500000US26165,26165
0500000US27001,27001
0500000US27003,27003
0500000US27005,27005
0500000US27007,27007
0500000US27009,27009
0500000US27011,27011
0500000US27013,27013
0500000US27015,27015
0500000US27017,27017
0500000US27019,27019
0500000US27021,27021
0500000US27023,27023
0500000US27025,27025
0500000US27027,27027
0500000US27029,27029
0500000US27031,27031
0500000US27033,27033
0500000US27035,27035
0500000US27037,27037
0500000US27039,27039
0500000US27041,27041
0500000US27043,27043
0500000US27045,27045
0500000US27047,27047
0500000US27049,27049
0500000US27051,27051
0500000US27053,27053
0500000US27055,27055
0500000US27057,27057
0500000US27059,27059
0500000US27061,27061
0500000US27063,27063
0500000US27065,27065
0500000US27067,27067
0500000US27069,27069
0500000US27071,27071
0500000US27073,27073
0500000US27075,27075
0500000US27077,27077
0500000US27079,27079
0500000US27081,27081
0500000US27083,27083
0500000US27085,27085
0500000US27087,27087
0500000US27089,27089
0500000US27091,27091
0500000US27093,27093
0500000US27095,27095
0500000US27097,27097
0500000US27099,27099
0500000US27101,27101
0500000US27103,27103
0500000US27105,27105
0500000US27107,27107
0500000US27109,27109
0500000US27111,27111
0500000US27113,27113
0500000US27115,27115
0500000US27117,27117
0500000US27119,27119
0500000US27121,27121
0500000US27123,27123
0500000US27125,27125
0500000US27127,27127
0500000US27129,27129
0500000US27131,27131
0500000US27133,27133
0500000US27135,27135
0500000US27137,27137
0500000US27139,27139
0500000US27141,27141
0500000US27143,27143
0500000US27145,27145
0500000US27147,27147
0500000US27149,27149
0500000US27151,27151
0500000US27153,27153
0500000US27155,27155
0500000US27157,27157
0500000US27159,27159
0500000US27161,27161
0500000US27163,27163
0500000US27165,27165
0500000US27167,27167
0500000US27169,27169
0500000US27171,27171
0500000US27173,27173
0500000US28001,28001
0500000US28003,28003
0500000US28005,28005
0500000US28007,28007
0500000US28009,28009
0500000US28011,28011
0500000US28013,28013
0500000US28015,28015
0500000US28017,28017
0500000US28019,28019
0500000US28021,28021
0500000US28023,28023
0500000US28025,28025
0500000US28027,28027
0500000US28029,28029
0500000US28031,28031
0500000US28033,28033
0500000US28035,28035
0500000US28037,28037
0500000US28039,28039
0500000US28041,28041
0500000US28043,28043
0500000US28045,28045
0500000US28047,28047
0500000US28049,28049
0500000US28051,28051
0500000US28053,28053
0500000US28055,28055
0500000US28057,28057
0500000US28059,28059
0500000US28061,28061
0500000US28063,28063
0500000US28065,28065
0500000US28067,28067
0500000US28069,28069
0500000US28071,28071
0500000US28073,28073
0500000US28075,28075
0500000US28077,28077
0500000US28079,28079
0500000US28081,28081
0500000US28083,28083
0500000US28085,28085
0500000US28087,28087
0500000US28089,28089
0500000US28091,28091
0500000US28093,28093
0500000US28095,28095
0500000US28097,28097
0500000US28099,28099
0500000US28101,28101
0500000US28103,28103
0500000US28105,28105
0500000US28107,28107
0500000US28109,28109
0500000US28111,28111
0500000US28113,28113
0500000US28115,28115
0500000US28117,28117
0500000US28119,28119
0500000US28121,28121
0500000US28123,28123
0500000US28125,28125
0500000US28127,28127
0500000US28129,28129
0500000US28131,28131
0500000US28133,28133
0500000US28135,28135
0500000US28137,28137
0500000US28139,28139
0500000US28141,28141
0500000US28143,28143
0500000US28145,28145
0500000US28147,28147
0500000US28149,28149
0500000US28151,28151
0500000US28153,28153
0500000US28155,28155
0500000US28157,28157
0500000US28159,28159
0500000US28161,28161
0500000US28163,28163
0500000US29001,29001
0500000US29003,29003
0500000US29005,29005
0500000US29007,29007
0500000US29009,29009
0500000US29011,29011
0500000US29013,29013
0500000US29015,29015
0500000US29017,29017
0500000US29019,29019
0500000US29021,29021
0500000US29023,29023
0500000US29025,29025
0500000US29027,29027
0500000US29029,29029
0500000US29031,29031
0500000US29033,29033
0500000US29035,29035
0500000US29037,29037
0500000US29039,29039
0500000US29041,29041
0500000US29043,29043
0500000US29045,29045
0500000US29047,29047
0500000US29049,29049
0500000US29051,29051
0500000US29053,29053
0500000US29055,29055
0500000US29057,29057
0500000US29059,29059
0500000US29061,29061
0500000US29063,29063
0500000US29065,29065
0500000US29067,29067
0500000US29069,29069
0500000US29071,29071
0500000US29073,29073
0500000US29075,29075
0500000US29077,29077
0500000US29079,29079
0500000US29081,29081
0500000US29083,29083
0500000US29085,29085
0500000US29087,29087
0500000US29089,29089
0500000US29091,29091
0500000US29093,29093
0500000US29095,29095
0500000US29097,29097
0500000US29099,29099
0500000US29101,29101
0500000US29103,29103
0500000US29105,29105
0500000US29107,29107
0500000US29109,29109
0500000US29111,29111
0500000US29113,29113
0500000US29115,29115
0500000US29117,29117
0500000US29119,29119
0500000US29121,29121
0500000US29123,29123
0500000US29125,29125
0500000US29127,29127
0500000US29129,29129
0500000US29131,29131
0500000US29133,29133
0500000US29135,29135
0500000US29137,29137
0500000US29139,29139
0500000US29141,29141
0500000US29143,29143
0500000US29145,29145
0500000US29147,29147
0500000US29149,29149
0500000US29151,29151
0500000US29153,29153
0500000US29155,29155
0500000US29157,29157
0500000US29159,29159
0500000US29161,29161
0500000US29163,29163
0500000US29165,29165
0500000US29167,29167
0500000US29169,29169
0500000US29171,29171
0500000US29173,29173
0500000US29175,29175
0500000US29177,29177
0500000US29179,29179
0500000US29181,29181
0500000US29183,29183
0500000US29185,29185
0500000US29186,29186
0500000US29187,29187
0500000US29189,29189
0500000US29195,29195
0500000US29197,29197
0500000US29199,29199
0500000US29201,29201
0500000US29203,29203
0500000US29205,29205
0500000US29207,29207
0500000US29209,29209
0500000US29211,29211
0500000US29213,29213
0500000US29215,29215
0500000US29217,29217
0500000US29219,29219
0500000US29221,29221
0500000US29223,29223
0500000US29225,29225
0500000US29227,29227
0500000US29229,29229
0500000US29510,29510
0500000US30001,30001
0500000US30003,30003
0500000US30005,30005
0500000US30007,30007
0500000US30009,30009
0500000US30011,30011
0500000US30013,30013
0500000US30015,30015
0500000US30017,30017
0500000US30019,30019
0500000US30021,30021
0500000US30023,30023
0500000US30025,30025
0500000US30027,30027
0500000US30029,30029
0500000US30031,30031
0500000US30033,30033
0500000US30035,30035
0500000US30037,30037
0500000US30039,30039
0500000US30041,30041
0500000US30043,30043
0500000US30045,30045
0500000US30047,30047
0500000US30049,30049
0500000US30051,30051
0500000US30053,30053
0500000US30055,30055
0500000US30057,30057
0500000US30059,30059
0500000US30061,30061
0500000US30063,30063
0500000US30065,30065
0500000US30067,30067
0500000US30069,30069
0500000US30071,30071
0500000US30073,30073
0500000US30075,30075
0500000US30077,30077
0500000US30079,30079
0500000US30081,30081
0500000US30083,30083
0500000US30085,30085
0500000US30087,30087
0500000US30089,30089
0500000US30091,30091
0500000US30093,30093
0500000US30095,30095
0500000US30097,30097
0500000US30099,30099
0500000US30101,30101
0500000US30103,30103
0500000US30105,30105
0500000US30107,30107
0500000US30109,30109
0500000US30111,30111
0500000US31001,31001
0500000US31003,31003
0500000US31005,31005
0500000US31007,31007
0500000US31009,31009
0500000US31011,31011
0500000US31013,31013
0500000US31015,31015
0500000US31017,31017
0500000US31019,31019
0500000US31021,31021
0500000US31023,31023
0500000US31025,31025
0500000US31027,31027
0500000US31029,31029
0500000US31031,31031
0500000US31033,31033
0500000US31035,31035
0500000US31037,31037
0500000US31039,31039
0500000US31041,31041
0500000US31043,31043
0500000US31045,31045
0500000US31047,31047
0500000US31049,31049
0500000US31051,31051
0500000US31053,31053
0500000US31055,31055
0500000US31057,31057
0500000US31059,31059
0500000US31061,31061
0500000US31063,31063
0500000US31065,31065
0500000US31067,31067
0500000US31069,31069
0500000US31071,31071
0500000US31073,31073
0500000US31075,31075
0500000US31077,31077
0500000US31079,31079
0500000US31081,31081
0500000US31083,31083
0500000US31085,31085
0500000US31087,31087
0500000US31089,31089
0500000US31091,31091
0500000US31093,31093
0500000US31095,31095
0500000US31097,31097
0500000US31099,31099
0500000US31101,31101
0500000US31103,31103
0500000US31105,31105
0500000US31107,31107
0500000US31109,31109
0500000US31111,31111
0500000US31113,31113
0500000US31115,31115
0500000US31117,31117
0500000US31119,31119
0500000US31121,31121
0500000US31123,31123
0500000US31125,31125
0500000US31127,31127
0500000US31129,31129
0500000US31131,31131
0500000US31133,31133
0500000US31135,31135
0500000US31137,31137
0500000US31139,31139
0500000US31141,31141
0500000US31143,31143
0500000US31145,31145
0500000US31147,31147
0500000US31149,31149
0500000US31151,31151
0500000US31153,31153
0500000US31155,31155
0500000US31157,31157
0500000US31159,31159
0500000US31161,31161
0500000US31163,31163
0500000US31165,31165
0500000US31167,31167
0500000US31169,31169
0500000US31171,31171
0500000US31173,31173
0500000US31175,31175
0500000US31177,31177
0500000US31179,31179
0500000US31181,31181
0500000US31183,31183
0500000US31185,31185
0500000US32001,32001
0500000US32003,32003
0500000US32005,32005
0500000US32007,32007
0500000US32009,32009
0500000US32011,32011
0500000US32013,32013
0500000US32015,32015
0500000US32017,32017
0500000US32019,32019
0500000US32021,32021
0500000US32023,32023
0500000US32027,32027
0500000US32029,32029
0500000US32031,32031
0500000US32033,32033
0500000US32510,32510
0500000US33001,33001
0500000US33003,33003
0500000US33005,33005
0500000US33007,33007
0500000US33009,33009
0500000US33011,33011
0500000US33013,33013
0500000US33015,33015
0500000US33017,33017
0500000US33019,33019
0500000US34001,34001
0500000US34003,34003
0500000US34005,34005
0500000US34007,34007
0500000US34009,34009
0500000US34011,34011
0500000US34013,34013
0500000US34015,34015
0500000US34017,34017
0500000US34019,34019
0500000US34021,34021
0500000US34023,34023
0500000US34025,34025
0500000US34027,34027
0500000US34029,34029
0500000US34031,34031
0500000US34033,34033
0500000US34035,34035
0500000US34037,34037
0500000US34039,34039
0500000US34041,34041
0500000US35001,35001
0500000US35003,35003
0500000US35005,35005
0500000US35006,35006
0500000US35007,35007
0500000US35009,35009
0500000US35011,35011
0500000US35013,35013
0500000US35015,35015
0500000US35017,35017
0500000US35019,35019
0500000US35021,35021
0500000US35023,35023
0500000US35025,35025
0500000US35027,35027
0500000US35028,35028
0500000US35029,35029
0500000US35031,35031
0500000US35033,35033
0500000US35035,35035
0500000US35037,35037
0500000US35039,35039
0500000US35041,35041
0500000US35043,35043
0500000US35045,35045
0500000US35047,35047
0500000US35049,35049
0500000US35051,35051
0500000US35053,35053
0500000US35055,35055
0500000US35057,35057
0500000US35059,35059
0500000US35061,35061
0500000US36001,36001
0500000US36003,36003
0500000US36005,36005
0500000US36007,36007
0500000US36009,36009
0500000US36011,36011
0500000US36013,36013
0500000US36015,36015
0500000US36017,36017
0500000US36019,36019
0500000US36021,36021
0500000US36023,36023
0500000US36025,36025
0500000US36027,36027
0500000US36029,36029
0500000US36031,36031
0500000US36033,36033
0500000US36035,36035
0500000US36037,36037
0500000US36039,36039
0500000US36041,36041
0500000US36043,36043
0500000US36045,36045
0500000US36047,36047
0500000US36049,36049
0500000US36051,36051
0500000US36053,36053
0500000US36055,36055
0500000US36057,36057
0500000US36059,36059
0500000US36061,36061
0500000US36063,36063
0500000US36065,36065
0500000US36067,36067
0500000US36069,36069
0500000US36071,36071
0500000US36073,36073
0500000US36075,36075
0500000US36077,36077
0500000US36079,36079
0500000US36081,36081
0500000US36083,36083
0500000US36085,36085
0500000US36087,36087
0500000US36089,36089
0500000US36091,36091
0500000US36093,36093
0500000US36095,36095
0500000US36097,36097
0500000US36099,36099
0500000US36101,36101
0500000US36103,36103
0500000US36105,36105
0500000US36107,36107
0500000US36109,36109
0500000US36111,36111
0500000US36113,36113
0500000US36115,36115
0500000US36117,36117
0500000US36119,36119
0500000US36121,36121
0500000US36123,36123
0500000US37001,37001
0500000US37003,37003
0500000US37005,37005
0500000US37007,37007
0500000US37009,37009
0500000US37011,37011
0500000US37013,37013
0500000US37015,37015
0500000US37017,37017
0500000US37019,37019
0500000US37021,37021
0500000US37023,37023
0500000US37025,37025
0500000US37027,37027
0500000US37029,37029
0500000US37031,37031
0500000US37033,37033
0500000US37035,37035
0500000US37037,37037
0500000US37039,37039
0500000US37041,37041
0500000US37043,37043
0500000US37045,37045
0500000US37047,37047
0500000US37049,37049
0500000US37051,37051
0500000US37053,37053
0500000US37055,37055
0500000US37057,37057
0500000US37059,37059
0500000US37061,37061
0500000US37063,37063
0500000US37065,37065
0500000US37067,37067
0500000US37069,37069
0500000US37071,37071
0500000US37073,37073
0500000US37075,37075
0500000US37077,37077
0500000US37079,37079
0500000US37081,37081
0500000US37083,37083
0500000US37085,37085
0500000US37087,37087
0500000US37089,37089
0500000US37091,37091
0500000US37093,37093
0500000US37095,37095
0500000US37097,37097
0500000US37099,37099
0500000US37101,37101
0500000US37103,37103
0500000US37105,37105
0500000US37107,37107
0500000US37109,37109
0500000US37111,37111
0500000US37113,37113
0500000US37115,37115
0500000US37117,37117
0500000US37119,37119
0500000US37121,37121
0500000US37123,37123
0500000US37125,37125
0500000US37127,37127
0500000US37129,37129
0500000US37131,37131
0500000US37133,37133
0500000US37135,37135
0500000US37137,37137
0500000US37139,37139
0500000US37141,37141
0500000US37143,37143
0500000US37145,37145
0500000US37147,37147
0500000US37149,37149
0500000US37151,37151
0500000US37153,37153
0500000US37155,37155
0500000US37157,37157
0500000US37159,37159
0500000US37161,37161
0500000US37163,37163
0500000US37165,37165
0500000US37167,37167
0500000US37169,37169
0500000US37171,37171
0500000US37173,37173
0500000US37175,37175
0500000US37177,37177
0500000US37179,37179
0500000US37181,37181
0500000US37183,37183
0500000US37185,37185
0500000US37187,37187
0500000US37189,37189
0500000US37191,37191
0500000US37193,37193
0500000US37195,37195
0500000US37197,37197
0500000US37199,37199
0500000US38001,38001
0500000US38003,38003
0500000US38005,38005
0500000US38007,38007
0500000US38009,38009
0500000US38011,38011
0500000US38013,38013
0500000US38015,38015
0500000US38017,38017
0500000US38019,38019
0500000US38021,38021
0500000US38023,38023
0500000US38025,38025
0500000US38027,38027
0500000US38029,38029
0500000US38031,38031
0500000US38033,38033
0500000US38035,38035
0500000US38037,38037
0500000US38039,38039
0500000US38041,38041
0500000US38043,38043
0500000US38045,38045
0500000US38047,38047
0500000US38049,38049
0500000US38051,38051
0500000US38053,38053
0500000US38055,38055
0500000US38057,38057
0500000US38059,38059
0500000US38061,38061
0500000US38063,38063
0500000US38065,38065
0500000US38067,38067
0500000US38069,38069
0500000US38071,38071
0500000US38073,38073
0500000US38075,38075
0500000US38077,38077
0500000US38079,38079
0500000US38081,38081
0500000US38083,38083
0500000US38085,38085
0500000US38087,38087
0500000US38089,38089
0500000US38091,38091
0500000US38093,38093
0500000US38095,38095
0500000US38097,38097
0500000US38099,38099
0500000US38101,38101
0500000US38103,38103
0500000US38105,38105
0500000US39001,39001
0500000US39003,39003
0500000US39005,39005
0500000US39007,39007
0500000US39009,39009
0500000US39011,39011
0500000US39013,39013
0500000US39015,39015
0500000US39017,39017
0500000US39019,39019
0500000US39021,39021
0500000US39023,39023
0500000US39025,39025
0500000US39027,39027
0500000US39029,39029
0500000US39031,39031
0500000US39033,39033
0500000US39035,39035
0500000US39037,39037
0500000US39039,39039
0500000US39041,39041
0500000US39043,39043
0500000US39045,39045
0500000US39047,39047
0500000US39049,39049
0500000US39051,39051
0500000US39053,39053
0500000US39055,39055
0500000US39057,39057
0500000US39059,39059
0500000US39061,39061
0500000US39063,39063
0500000US39065,39065
0500000US39067,39067
0500000US39069,39069
0500000US39071,39071
0500000US39073,39073
0500000US39075,39075
0500000US39077,39077
0500000US39079,39079
0500000US39081,39081
0500000US39083,39083
0500000US39085,39085
0500000US39087,39087
0500000US39089,39089
0500000US39091,39091
0500000US39093,39093
0500000US39095,39095
0500000US39097,39097
0500000US39099,39099
0500000US39101,39101
0500000US39103,39103
0500000US39105,39105
0500000US39107,39107
0500000US39109,39109
0500000US39111,39111
0500000US39113,39113
0500000US39115,39115
0500000US39117,39117
0500000US39119,39119
0500000US39121,39121
0500000US39123,39123
0500000US39125,39125
0500000US39127,39127
0500000US39129,39129
0500000US39131,39131
0500000US39133,39133
0500000US39135,39135
0500000US39137,39137
0500000US39139,39139
0500000US39141,39141
0500000US39143,39143
0500000US39145,39145
0500000US39147,39147
0500000US39149,39149
0500000US39151,39151
0500000US39153,39153
0500000US39155,39155
0500000US39157,39157
0500000US39159,39159
0500000US39161,39161
0500000US39163,39163
0500000US39165,39165
0500000US39167,39167
0500000US39169,39169
0500000US39171,39171
0500000US39173,39173
0500000US39175,39175
0500000US40001,40001
0500000US40003,40003
0500000US40005,40005
0500000US40007,40007
0500000US40009,40009
0500000US40011,40011
0500000US40013,40013
0500000US40015,40015
0500000US40017,40017
0500000US40019,40019
0500000US40021,40021
0500000US40023,40023
0500000US40025,40025
0500000US40027,40027
0500000US40029,40029
0500000US40031,40031
0500000US40033,40033
0500000US40035,40035
0500000US40037,40037
0500000US40039,40039
0500000US40041,40041
0500000US40043,40043
0500000US40045,40045
0500000US40047,40047
0500000US40049,40049
0500000US40051,40051
0500000US40053,40053
0500000US40055,40055
0500000US40057,40057
0500000US40059,40059
0500000US40061,40061
0500000US40063,40063
0500000US40065,40065
0500000US40067,40067
0500000US40069,40069
0500000US40071,40071
0500000US40073,40073
0500000US40075,40075
0500000US40077,40077
0500000US40079,40079
0500000US40081,40081
0500000US40083,40083
0500000US40085,40085
0500000US40087,40087
0500000US40089,40089
0500000US40091,40091
0500000US40093,40093
0500000US40095,40095
0500000US40097,40097
0500000US40099,40099
0500000US40101,40101
0500000US40103,40103
0500000US40105,40105
0500000US40107,40107
0500000US40109,40109
0500000US40111,40111
0500000US40113,40113
0500000US40115,40115
0500000US40117,40117
0500000US40119,40119
0500000US40121,40121
0500000US40123,40123
0500000US40125,40125
0500000US40127,40127
0500000US40129,40129
0500000US40131,40131
0500000US40133,40133
0500000US40135,40135
0500000US40137,40137
0500000US40139,40139
0500000US40141,40141
0500000US40143,40143
0500000US40145,40145
0500000US40147,40147
0500000US40149,40149
0500000US40151,40151
0500000US40153,40153
0500000US41001,41001
0500000US41003,41003
0500000US41005,41005
0500000US41007,41007
0500000US41009,41009
0500000US41011,41011
0500000US41013,41013
0500000US41015,41015
0500000US41017,41017
0500000US41019,41019
0500000US41021,41021
0500000US41023,41023
0500000US41025,41025
0500000US41027,41027
0500000US41029,41029
0500000US41031,41031
0500000US41033,41033
0500000US41035,41035
0500000US41037,41037
0500000US41039,41039
0500000US41041,41041
0500000US41043,41043
0500000US41045,41045
0500000US41047,41047
0500000US41049,41049
0500000US41051,41051
0500000US41053,41053
0500000US41055,41055
0500000US41057,41057
0500000US41059,41059
0500000US41061,41061
0500000US41063,41063
0500000US41065,41065
0500000US41067,41067
0500000US41069,41069
0500000US41071,41071
0500000US42001,42001
0500000US42003,42003
0500000US42005,42005
0500000US42007,42007
0500000US42009,42009
0500000US42011,42011
0500000US42013,42013
0500000US42015,42015
0500000US42017,42017
0500000US42019,42019
0500000US42021,42021
0500000US42023,42023
0500000US42025,42025
0500000US42027,42027
0500000US42029,42029
0500000US42031,42031
0500000US42033,42033
0500000US42035,42035
0500000US42037,42037
0500000US42039,42039
0500000US42041,42041
0500000US42043,42043
0500000US42045,42045
0500000US42047,42047
0500000US42049,42049
0500000US42051,42051
0500000US42053,42053
0500000US42055,42055
0500000US42057,42057
0500000US42059,42059
0500000US42061,42061
0500000US42063,42063
0500000US42065,42065
0500000US42067,42067
0500000US42069,42069
0500000US42071,42071
0500000US42073,42073
0500000US42075,42075
0500000US42077,42077
0500000US42079,42079
0500000US42081,42081
0500000US42083,42083
0500000US42085,42085
0500000US42087,42087
0500000US42089,42089
0500000US42091,42091
0500000US42093,42093
0500000US42095,42095
0500000US42097,42097
0500000US42099,42099
0500000US42101,42101
0500000US42103,42103
0500000US42105,42105
0500000US42107,42107
0500000US42109,42109
0500000US42111,42111
0500000US42113,42113
0500000US42115,42115
0500000US42117,42117
0500000US42119,42119
0500000US42121,42121
0500000US42123,42123
0500000US42125,42125
0500000US42127,42127
0500000US42129,42129
0500000US42131,42131
0500000US42133,42133
0500000US44001,44001
0500000US44003,44003
0500000US44005,44005
0500000US44007,44007
0500000US44009,44009
0500000US45001,45001
0500000US45003,45003
0500000US45005,45005
0500000US45007,45007
0500000US45009,45009
0500000US45011,45011
0500000US45013,45013
0500000US45015,45015
0500000US45017,45017
0500000US45019,45019
0500000US45021,45021
0500000US45023,45023
0500000US45025,45025
0500000US45027,45027
0500000US45029,45029
0500000US45031,45031
0500000US45033,45033
0500000US45035,45035
0500000US45037,45037
0500000US45039,45039
0500000US45041,45041
0500000US45043,45043
0500000US45045,45045
0500000US45047,45047
0500000US45049,45049
0500000US45051,45051
0500000US45053,45053
0500000US45055,45055
0500000US45057,45057
0500000US45059,45059
0500000US45061,45061
0500000US45063,45063
0500000US45065,45065
0500000US45067,45067
0500000US45069,45069
0500000US45071,45071
0500000US45073,45073
0500000US45075,45075
0500000US45077,45077
0500000US45079,45079
0500000US45081,45081
0500000US45083,45083
0500000US45085,45085
0500000US45087,45087
0500000US45089,45089
0500000US45091,45091
0500000US46003,46003
0500000US46005,46005
0500000US46007,46007
0500000US46009,46009
0500000US46011,46011
0500000US46013,46013
0500000US46015,46015
0500000US46017,46017
0500000US46019,46019
0500000US46021,46021
0500000US46023,46023
0500000US46025,46025
0500000US46027,46027
0500000US46029,46029
0500000US46031,46031
0500000US46033,46033
0500000US46035,46035
0500000US46037,46037
0500000US46039,46039
0500000US46041,46041
0500000US46043,46043
0500000US46045,46045
0500000US46047,46047
0500000US46049,46049
0500000US46051,46051
0500000US46053,46053
0500000US46055,46055
0500000US46057,46057
0500000US46059,46059
0500000US46061,46061
0500000US46063,46063
0500000US46065,46065
0500000US46067,46067
0500000US46069,46069
0500000US46071,46071
0500000US46073,46073
0500000US46075,46075
0500000US46077,46077
0500000US46079,46079
0500000US46081,46081
0500000US46083,46083
0500000US46085,46085
0500000US46087,46087
0500000US46089,46089
0500000US46091,46091
0500000US46093,46093
0500000US46095,46095
0500000US46097,46097
0500000US46099,46099
0500000US46101,46101
0500000US46102,46102
0500000US46103,46103
0500000US46105,46105
0500000US46107,46107
0500000US46109,46109
0500000US46111,46111
0500000US46115,46115
0500000US46117,46117
0500000US46119,46119
0500000US46121,46121
0500000US46123,46123
0500000US46125,46125
0500000US46127,46127
0500000US46129,46129
0500000US46135,46135
0500000US46137,46137
0500000US47001,47001
0500000US47003,47003
0500000US47005,47005
0500000US47007,47007
0500000US47009,47009
0500000US47011,47011
0500000US47013,47013
0500000US47015,47015
0500000US47017,47017
0500000US47019,47019
0500000US47021,47021
0500000US47023,47023
0500000US47025,47025
0500000US47027,47027
0500000US47029,47029
0500000US47031,47031
0500000US47033,47033
0500000US47035,47035
0500000US47037,47037
0500000US47039,47039
0500000US47041,47041
0500000US47043,47043
0500000US47045,47045
0500000US47047,47047
0500000US47049,47049
0500000US47051,47051
0500000US47053,47053
0500000US47055,47055
0500000US47057,47057
0500000US47059,47059
0500000US47061,47061
0500000US47063,47063
0500000US47065,47065
0500000US47067,47067
0500000US47069,47069
0500000US47071,47071
0500000US47073,47073
0500000US47075,47075
0500000US47077,47077
0500000US47079,47079
0500000US47081,47081
0500000US47083,47083
0500000US47085,47085
0500000US47087,47087
0500000US47089,47089
0500000US47091,47091
0500000US47093,47093
0500000US47095,47095
0500000US47097,47097
0500000US47099,47099
0500000US47101,47101
0500000US47103,47103
0500000US47105,47105
0500000US47107,47107
0500000US47109,47109
0500000US47111,47111
0500000US47113,47113
0500000US47115,47115
0500000US47117,47117
0500000US47119,47119
0500000US47121,47121
0500000US47123,47123
0500000US47125,47125
0500000US47127,47127
0500000US47129,47129
0500000US47131,47131
0500000US47133,47133
0500000US47135,47135
0500000US47137,47137
0500000US47139,47139
0500000US47141,47141
0500000US47143,47143
0500000US47145,47145
0500000US47147,47147
0500000US47149,47149
0500000US47151,47151
0500000US47153,47153
0500000US47155,47155
0500000US47157,47157
0500000US47159,47159
0500000US47161,47161
0500000US47163,47163
0500000US47165,47165
0500000US47167,47167
0500000US47169,47169
0500000US47171,47171
0500000US47173,47173
0500000US47175,47175
0500000US47177,47177
0500000US47179,47179
0500000US47181,47181
0500000US47183,47183
0500000US47185,47185
0500000US47187,47187
0500000US47189,47189
0500000US48001,48001
0500000US48003,48003
0500000US48005,48005
0500000US48007,48007
0500000US48009,48009
0500000US48011,48011
0500000US48013,48013
0500000US48015,48015
0500000US48017,48017
0500000US48019,48019
0500000US48021,48021
0500000US48023,48023
0500000US48025,48025
0500000US48027,48027
0500000US48029,48029
0500000US48031,48031
0500000US48033,48033
0500000US48035,48035
0500000US48037,48037
0500000US48039,48039
0500000US48041,48041
0500000US48043,48043
0500000US48045,48045
0500000US48047,48047
0500000US48049,48049
0500000US48051,48051
0500000US48053,48053
0500000US48055,48055
0500000US48057,48057
0500000US48059,48059
0500000US48061,48061
0500000US48063,48063
0500000US48065,48065
0500000US48067,48067
0500000US48069,48069
0500000US48071,48071
0500000US48073,48073
0500000US48075,48075
0500000US48077,48077
0500000US48079,48079
0500000US48081,48081
0500000US48083,48083
0500000US48085,48085
0500000US48087,48087
0500000US48089,48089
0500000US48091,48091
0500000US48093,48093
0500000US48095,48095
0500000US48097,48097
0500000US48099,48099
0500000US48101,48101
0500000US48103,48103
0500000US48105,48105
0500000US48107,48107
0500000US48109,48109
0500000US48111,48111
0500000US48113,48113
0500000US48115,48115
0500000US48117,48117
0500000US48119,48119
0500000US48121,48121
0500000US48123,48123
0500000US48125,48125
0500000US48127,48127
0500000US48129,48129
0500000US48131,48131
0500000US48133,48133
0500000US48135,48135
0500000US48137,48137
0500000US48139,48139
0500000US48141,48141
0500000US48143,48143
0500000US48145,48145
0500000US48147,48147
0500000US48149,48149
0500000US48151,48151
0500000US48153,48153
0500000US48155,48155
0500000US48157,48157
0500000US48159,48159
0500000US48161,48161
0500000US48163,48163
0500000US48165,48165
0500000US48167,48167
0500000US48169,48169
0500000US48171,48171
0500000US48173,48173
0500000US48175,48175
0500000US48177,48177
0500000US48179,48179
0500000US48181,48181
0500000US48183,48183
0500000US48185,48185
0500000US48187,48187
0500000US48189,48189
0500000US48191,48191
0500000US48193,48193
0500000US48195,48195
0500000US48197,48197
0500000US48199,48199
0500000US48201,48201
0500000US48203,48203
0500000US48205,48205
0500000US48207,48207
0500000US48209,48209
0500000US48211,48211
0500000US48213,48213
0500000US48215,48215
0500000US48217,48217
0500000US48219,48219
0500000US48221,48221
0500000US48223,48223
0500000US48225,48225
0500000US48227,48227
0500000US48229,48229
0500000US48231,48231
0500000US48233,48233
0500000US48235,48235
0500000US48237,48237
0500000US48239,48239
0500000US48241,48241
0500000US48243,48243
0500000US48245,48245
0500000US48247,48247
0500000US48249,48249
0500000US48251,48251
0500000US48253,48253
0500000US48255,48255
0500000US48257,48257
0500000US48259,48259
0500000US48261,48261
0500000US48263,48263
0500000US48265,48265
0500000US48267,48267
0500000US48269,48269
0500000US48271,48271
0500000US48273,48273
0500000US48275,48275
0500000US48277,48277
0500000US48279,48279
0500000US48281,48281
0500000US48283,48283
0500000US48285,48285
0500000US48287,48287
0500000US48289,48289
0500000US48291,48291
0500000US48293,48293
0500000US48295,48295
0500000US48297,48297
0500000US48299,48299
0500000US48301,48301
0500000US48303,48303
0500000US48305,48305
0500000US48307,48307
0500000US48309,48309
0500000US48311,48311
0500000US48313,48313
0500000US48315,48315
0500000US48317,48317
0500000US48319,48319
0500000US48321,48321
0500000US48323,48323
0500000US48325,48325
0500000US48327,48327
0500000US48329,48329
0500000US48331,48331
0500000US48333,48333
0500000US48335,48335
0500000US48337,48337
0500000US48339,48339
0500000US48341,48341
0500000US48343,48343
0500000US48345,48345
0500000US48347,48347
0500000US48349,48349
0500000US48351,48351
0500000US48353,48353
0500000US48355,48355
0500000US48357,48357
0500000US48359,48359
0500000US48361,48361
0500000US48363,48363
0500000US48365,48365
0500000US48367,48367
0500000US48369,48369
0500000US48371,48371
0500000US48373,48373
0500000US48375,48375
0500000US48377,48377
0500000US48379,48379
0500000US48381,48381
0500000US48383,48383
0500000US48385,48385
0500000US48387,48387
0500000US48389,48389
0500000US48391,48391
0500000US48393,48393
0500000US48395,48395
0500000US48397,48397
0500000US48399,48399
0500000US48401,48401
0500000US48403,48403
0500000US48405,48405
0500000US48407,48407
0500000US48409,48409
0500000US48411,48411
0500000US48413,48413
0500000US48415,48415
0500000US48417,48417
0500000US48419,48419
0500000US48421,48421
0500000US48423,48423
0500000US48425,48425
0500000US48427,48427
0500000US48429,48429
0500000US48431,48431
0500000US48433,48433
0500000US48435,48435
0500000US48437,48437
0500000US48439,48439
0500000US48441,48441
0500000US48443,48443
0500000US48445,48445
0500000US48447,48447
0500000US48449,48449
0500000US48451,48451
0500000US48453,48453
0500000US48455,48455
0500000US48457,48457
0500000US48459,48459
0500000US48461,48461
0500000US48463,48463
0500000US48465,48465
0500000US48467,48467
0500000US48469,48469
0500000US48471,48471
0500000US48473,48473
0500000US48475,48475
0500000US48477,48477
0500000US48479,48479
0500000US48481,48481
0500000US48483,48483
0500000US48485,48485
0500000US48487,48487
0500000US48489,48489
0500000US48491,48491
0500000US48493,48493
0500000US48495,48495
0500000US48497,48497
0500000US48499,48499
0500000US48501,48501
0500000US48503,48503
0500000US48505,48505
0500000US48507,48507
0500000US49001,49001
0500000US49003,49003
0500000US49005,49005
0500000US49007,49007
0500000US49009,49009
0500000US49011,49011
0500000US49013,49013
0500000US49015,49015
0500000US49017,49017
0500000US49019,49019
0500000US49021,49021
0500000US49023,49023
0500000US49025,49025
0500000US49027,49027
0500000US49029,49029
0500000US49031,49031
0500000US49033,49033
0500000US49035,49035
0500000US49037,49037
0500000US49039,49039
0500000US49041,49041
0500000US49043,49043
0500000US49045,49045
0500000US49047,49047
0500000US49049,49049
0500000US49051,49051
0500000US49053,49053
0500000US49055,49055
0500000US49057,49057
0500000US50001,50001
0500000US50003,50003
0500000US50005,50005
0500000US50007,50007
0500000US50009,50009
0500000US50011,50011
0500000US50013,50013
0500000US50015,50015
0500000US50017,50017
0500000US50019,50019
0500000US50021,50021
0500000US50023,50023
0500000US50025,50025
0500000US50027,50027
0500000US51001,51001
0500000US51003,51003
0500000US51005,51005
0500000US51007,51007
0500000US51009,51009
0500000US51011,51011
0500000US51013,51013
0500000US51015,51015
0500000US51017,51017
0500000US51019,51019
0500000US51021,51021
0500000US51023,51023
0500000US51025,51025
0500000US51027,51027
0500000US51029,51029
0500000US51031,51031
0500000US51033,51033
0500000US51035,51035
0500000US51036,51036
0500000US51037,51037
0500000US51041,51041
0500000US51043,51043
0500000US51045,51045
0500000US51047,51047
0500000US51049,51049
0500000US51051,51051
0500000US51053,51053
0500000US51057,51057
0500000US51059,51059
0500000US51061,51061
0500000US51063,51063
0500000US51065,51065
0500000US51067,51067
0500000US51069,51069
0500000US51071,51071
0500000US51073,51073
0500000US51075,51075
0500000US51077,51077
0500000US51079,51079
0500000US51081,51081
0500000US51083,51083
0500000US51085,51085
0500000US51087,51087
0500000US51089,51089
0500000US51091,51091
0500000US51093,51093
0500000US51095,51095
0500000US51097,51097
0500000US51099,51099
0500000US51101,51101
0500000US51103,51103
0500000US51105,51105
0500000US51107,51107
0500000US51109,51109
0500000US51111,51111
0500000US51113,51113
0500000US51115,51115
0500000US51117,51117
0500000US51119,51119
0500000US51121,51121
0500000US51125,51125
0500000US51127,51127
0500000US51131,51131
0500000US51133,51133
0500000US51135,51135
0500000US51137,51137
0500000US51139,51139
0500000US51141,51141
0500000US51143,51143
0500000US51145,51145
0500000US51147,51147
0500000US51149,51149
0500000US51153,51153
0500000US51155,51155
0500000US51157,51157
0500000US51159,51159
0500000US51161,51161
0500000US51163,51163
0500000US51165,51165
0500000US51167,51167
0500000US51169,51169
0500000US51171,51171
0500000US51173,51173
0500000US51175,51175
0500000US51177,51177
0500000US51179,51179
0500000US51181,51181
0500000US51183,51183
0500000US51185,51185
0500000US51187,51187
0500000US51191,51191
0500000US51193,51193
0500000US51195,51195
0500000US51197,51197
0500000US51199,51199
0500000US51510,51510
0500000US51520,51520
0500000US51530,51530
0500000US51540,51540
0500000US51550,51550
0500000US51570,51570
0500000US51580,51580
0500000US51590,51590
0500000US51595,51595
0500000US51600,51600
0500000US51610,51610
0500000US51620,51620
0500000US51630,51630
0500000US51640,51640
0500000US51650,51650
0500000US51660,51660
0500000US51670,51670
0500000US51678,51678
0500000US51680,51680
0500000US51683,51683
0500000US51685,51685
0500000US51690,51690
0500000US51700,51700
0500000US51710,51710
0500000US51720,51720
0500000US51730,51730
0500000US51735,51735
0500000US51740,51740
0500000US51750,51750
0500000US51760,51760
0500000US51770,51770
0500000US51775,51775
0500000US51790,51790
0500000US51800,51800
0500000US51810,51810
0500000US51820,51820
0500000US51830,51830
0500000US51840,51840
0500000US53001,53001
0500000US53003,53003
0500000US53005,53005
0500000US53007,53007
0500000US53009,53009
0500000US53011,53011
0500000US53013,53013
0500000US53015,53015
0500000US53017,53017
0500000US53019,53019
0500000US53021,53021
0500000US53023,53023
0500000US53025,53025
0500000US53027,53027
0500000US53029,53029
0500000US53031,53031
0500000US53033,53033
0500000US53035,53035
0500000US53037,53037
0500000US53039,53039
0500000US53041,53041
0500000US53043,53043
0500000US53045,53045
0500000US53047,53047
0500000US53049,53049
0500000US53051,53051
0500000US53053,53053
0500000US53055,53055
0500000US53057,53057
0500000US53059,53059
0500000US53061,53061
0500000US53063,53063
0500000US53065,53065
0500000US53067,53067
0500000US53069,53069
0500000US53071,53071
0500000US53073,53073
0500000US53075,53075
0500000US53077,53077
0500000US54001,54001
0500000US54003,54003
0500000US54005,54005
0500000US54007,54007
0500000US54009,54009
0500000US54011,54011
0500000US54013,54013
0500000US54015,54015
0500000US54017,54017
0500000US54019,54019
0500000US54021,54021
0500000US54023,54023
0500000US54025,54025
0500000US54027,54027
0500000US54029,54029
0500000US54031,54031
0500000US54033,54033
0500000US54035,54035
0500000US54037,54037
0500000US54039,54039
0500000US54041,54041
0500000US54043,54043
0500000US54045,54045
0500000US54047,54047
0500000US54049,54049
0500000US54051,54051
0500000US54053,54053
0500000US54055,54055
0500000US54057,54057
0500000US54059,54059
0500000US54061,54061
0500000US54063,54063
0500000US54065,54065
0500000US54067,54067
0500000US54069,54069
0500000US54071,54071
0500000US54073,54073
0500000US54075,54075
0500000US54077,54077
0500000US54079,54079
0500000US54081,54081
0500000US54083,54083
0500000US54085,54085
0500000US54087,54087
0500000US54089,54089
0500000US54091,54091
0500000US54093,54093
0500000US54095,54095
0500000US54097,54097
0500000US54099,54099
0500000US54101,54101
0500000US54103,54103
0500000US54105,54105
0500000US54107,54107
0500000US54109,54109
0500000US55001,55001
0500000US55003,55003
0500000US55005,55005
0500000US55007,55007
0500000US55009,55009
0500000US55011,55011
0500000US55013,55013
0500000US55015,55015
0500000US55017,55017
0500000US55019,55019
0500000US55021,55021
0500000US55023,55023
0500000US55025,55025
0500000US55027,55027
0500000US55029,55029
0500000US55031,55031
0500000US55033,55033
0500000US55035,55035
0500000US55037,55037
0500000US55039,55039
0500000US55041,55041
0500000US55043,55043
0500000US55045,55045
0500000US55047,55047
0500000US55049,55049
0500000US55051,55051
0500000US55053,55053
0500000US55055,55055
0500000US55057,55057
0500000US55059,55059
0500000US55061,55061
0500000US55063,55063
0500000US55065,55065
0500000US55067,55067
0500000US55069,55069
0500000US55071,55071
0500000US55073,55073
0500000US55075,55075
0500000US55077,55077
0500000US55078,55078
0500000US55079,55079
0500000US55081,55081
0500000US55083,55083
0500000US55085,55085
0500000US55087,55087
0500000US55089,55089
0500000US55091,55091
0500000US55093,55093
0500000US55095,55095
0500000US55097,55097
0500000US55099,55099
0500000US55101,55101
0500000US55103,55103
0500000US55105,55105
0500000US55107,55107
0500000US55109,55109
0500000US55111,55111
0500000US55113,55113
0500000US55115,55115
0500000US55117,55117
0500000US55119,55119
0500000US55121,55121
0500000US55123,55123
0500000US55125,55125
0500000US55127,55127
0500000US55129,55129
0500000US55131,55131
0500000US55133,55133
0500000US55135,55135
0500000US55137,55137
0500000US55139,55139
0500000US55141,55141
0500000US56001,56001
0500000US56003,56003
0500000US56005,56005
0500000US56007,56007
0500000US56009,56009
0500000US56011,56011
0500000US56013,56013
0500000US56015,56015
0500000US56017,56017
0500000US56019,56019
0500000US56021,56021
0500000US56023,56023
0500000US56025,56025
0500000US56027,56027
0500000US56029,56029
0500000US56031,56031
0500000US56033,56033
0500000US56035,56035
0500000US56037,56037
0500000US56039,56039
0500000US56041,56041
0500000US56043,56043
0500000US56045,56045
